seller_id,name,base_url,robots_verdict,crawl_delay_s
amazon,Amazon Egypt,https://www.amazon.eg,allowed; /s search not disallowed,3
autospare,AutoSpare,https://autospare.com.eg,allowed; only cart/auth/public paths blocked,3
egycarparts,Egy Car Parts,https://egycarparts.com,allowed; Shopify default rules,3
fitandfix,Fit and Fix,https://www.fitandfix.com,allowed; empty robots.txt on the API host,3
garageilla,Garageilla,https://garageilla.com,allowed; Shopify default rules,3
getradingeg,GE Trading,https://www.getradingeg.com,allowed; only cart/checkout/search blocked for named bots,3
jumia,Jumia Egypt,https://www.jumia.com.eg,allowed; identified bots permitted under 200 requests a minute,3
nautoexpress,N Auto Express,https://nautoexpress.com,allowed; Shopify default rules,3
pringi,Pringi,https://pringi.com,allowed; no rule on /wp-json,3
sparezone,Spare Zone,https://sparezone-eg.com,allowed; Allow: /,3
tawfiqia,Tawfiqia,https://tawfiqia.com,allowed; no rules,3
yourparts,YourParts,https://www.yourparts.com,allowed; Allow: / (API host has no robots.txt),3
zaitandfilters,Zait and Filters,https://zaitandfilters.com,allowed; /api/ and account paths blocked,3
